-- Hi Coffee — seed dữ liệu demo đồ án (10–30/11/2024)
-- Mật khẩu tất cả tài khoản khách: user123 | admin: admin123
-- Import: phpMyAdmin → SQL → chọn DB coffeeshop → dán file này.

SET NAMES utf8mb4;
SET FOREIGN_KEY_CHECKS = 0;

TRUNCATE TABLE `product_reviews`;
DELETE FROM `order_items`;
DELETE FROM `orders`;
DELETE FROM `comments`;
-- Xóa toàn bộ user rồi nạp lại admin + 20 khách (tránh trùng username)
DELETE FROM `users`;
DELETE FROM `products`;
-- DELETE không reset AUTO_INCREMENT — phải ALTER để id user/sp/đơn bắt đầu từ 1 (khớp FK trong file)
ALTER TABLE `users` AUTO_INCREMENT = 1;
ALTER TABLE `products` AUTO_INCREMENT = 1;
ALTER TABLE `orders` AUTO_INCREMENT = 1;
ALTER TABLE `order_items` AUTO_INCREMENT = 1;
SET FOREIGN_KEY_CHECKS = 1;

INSERT INTO `users` (`username`, `password`, `is_admin`) VALUES
('admin', '$2y$10$vNiLJTiHSf6JP353E1zpjO6HZnjtgHNa3pgdXR32V.WXtKNhyMvKa', 1),
('minh_anh', '$2y$10$hWHa4A06iaI4GVZIhYQDFOM9Ndisu62HmXoSyqZGz.4cHyURQExB6', 0),
('thanh_tung', '$2y$10$hWHa4A06iaI4GVZIhYQDFOM9Ndisu62HmXoSyqZGz.4cHyURQExB6', 0),
('hong_ngoc', '$2y$10$hWHa4A06iaI4GVZIhYQDFOM9Ndisu62HmXoSyqZGz.4cHyURQExB6', 0),
('duc_manh', '$2y$10$hWHa4A06iaI4GVZIhYQDFOM9Ndisu62HmXoSyqZGz.4cHyURQExB6', 0),
('thu_ha', '$2y$10$hWHa4A06iaI4GVZIhYQDFOM9Ndisu62HmXoSyqZGz.4cHyURQExB6', 0),
('van_khanh', '$2y$10$hWHa4A06iaI4GVZIhYQDFOM9Ndisu62HmXoSyqZGz.4cHyURQExB6', 0),
('quoc_bao', '$2y$10$hWHa4A06iaI4GVZIhYQDFOM9Ndisu62HmXoSyqZGz.4cHyURQExB6', 0),
('kim_loan', '$2y$10$hWHa4A06iaI4GVZIhYQDFOM9Ndisu62HmXoSyqZGz.4cHyURQExB6', 0),
('hai_dang', '$2y$10$hWHa4A06iaI4GVZIhYQDFOM9Ndisu62HmXoSyqZGz.4cHyURQExB6', 0),
('phuong_linh', '$2y$10$hWHa4A06iaI4GVZIhYQDFOM9Ndisu62HmXoSyqZGz.4cHyURQExB6', 0),
('trong_nghia', '$2y$10$hWHa4A06iaI4GVZIhYQDFOM9Ndisu62HmXoSyqZGz.4cHyURQExB6', 0),
('bich_tram', '$2y$10$hWHa4A06iaI4GVZIhYQDFOM9Ndisu62HmXoSyqZGz.4cHyURQExB6', 0),
('xuan_mai', '$2y$10$hWHa4A06iaI4GVZIhYQDFOM9Ndisu62HmXoSyqZGz.4cHyURQExB6', 0),
('hoang_long', '$2y$10$hWHa4A06iaI4GVZIhYQDFOM9Ndisu62HmXoSyqZGz.4cHyURQExB6', 0),
('diep_anh', '$2y$10$hWHa4A06iaI4GVZIhYQDFOM9Ndisu62HmXoSyqZGz.4cHyURQExB6', 0),
('tuan_kiet', '$2y$10$hWHa4A06iaI4GVZIhYQDFOM9Ndisu62HmXoSyqZGz.4cHyURQExB6', 0),
('ngoc_bich', '$2y$10$hWHa4A06iaI4GVZIhYQDFOM9Ndisu62HmXoSyqZGz.4cHyURQExB6', 0),
('duc_thinh', '$2y$10$hWHa4A06iaI4GVZIhYQDFOM9Ndisu62HmXoSyqZGz.4cHyURQExB6', 0),
('lan_chi', '$2y$10$hWHa4A06iaI4GVZIhYQDFOM9Ndisu62HmXoSyqZGz.4cHyURQExB6', 0),
('minh_khoi', '$2y$10$hWHa4A06iaI4GVZIhYQDFOM9Ndisu62HmXoSyqZGz.4cHyURQExB6', 0);

INSERT INTO `products` (`name`, `description`, `category`, `price`, `image`, `is_featured`) VALUES
('Cà phê đen', 'Pha phin truyền thống Robusta–Arabica, hậu vị ngọt nhẹ — nóng hoặc đá.', 'Cà phê', 30000, 'cfden.jpg', 1),
('Cà phê sữa', 'Sữa đặc hòa quyện cà phê đậm, cân bằng vị đắng–ngọt.', 'Cà phê', 35000, 'cfsua.jpg', 1),
('Bạc xỉu', 'Espresso gốc Việt, lớp sữa tươi béo phủ trên.', 'Cà phê', 35000, 'bxiu.jpg', 1),
('Cà phê latte', 'Espresso + sữa tươi steam mịn, latte art nhẹ.', 'Cà phê', 45000, 'latte.jpg', 1),
('Americano nóng', 'Espresso pha loãng nước nóng, thơm caramel.', 'Cà phê', 40000, 'cfden.jpg', 0),
('Trà đào cam sả', 'Trà đen, đào ngâm, cam vàng và sả thơm.', 'Trà', 35000, 'tradao.jpg', 1),
('Trà sữa truyền thống', 'Trà đen Đài Loan, sữa béo — ghi chú ít đường khi đặt.', 'Trà', 35000, 'trasua_truyenthong.jpg', 0),
('Trà xanh đá xay', 'Matcha / trà xanh xay cùng đá và kem.', 'Đá xay & đặc biệt', 45000, 'traxanh.jpg', 0),
('Cà phê đá xay', 'Blend cà phê đá xay mịn, có thể thêm kem.', 'Đá xay & đặc biệt', 40000, 'cfdaxay.jpg', 0),
('Cookie đá xay', 'Bánh cookie nghiền, sữa và đá xay.', 'Đá xay & đặc biệt', 50000, 'cookie.jpg', 0),
('Nước cam ép', 'Cam vàng tươi ép tại chỗ.', 'Nước ép & tươi mát', 30000, 'nuoccamep.jpg', 0),
('Sinh tố xoài', 'Xoài chín, sữa chua/sữa tươi, đá.', 'Nước ép & tươi mát', 40000, 'sinhtoxoai.jpg', 0),
('Bánh Flan caramel', 'Flan mềm, caramel thơm — ăn kèm cà phê.', 'Ăn nhẹ', 20000, 'banhflan.jpg', 0),
('Khoai tây chiên', 'Giòn rụm, rắc muối / tỏi bơ tùy đợt.', 'Ăn nhẹ', 30000, 'khoaitaychien.jpg', 0),
('Espresso shot đôi', 'Hai shot espresso Ristretto, crema dày.', 'Cà phê', 28000, 'cfden.jpg', 0),
('Cappuccino', 'Espresso, sữa steam và lớp foam mịn.', 'Cà phê', 42000, 'latte.jpg', 1),
('Cold brew cam', 'Cold brew ủ lạnh, thêm cam và syrup nhẹ.', 'Cà phê', 48000, 'nuoccamep.jpg', 1),
('Trà ô long sữa', 'Ô long thanh chát, sữa tươi — vừa uống.', 'Trà', 38000, 'trasua_truyenthong.jpg', 0),
('Trà vải hoa nhài', 'Trà đen, vải tươi, hoa nhài thơm.', 'Trà', 36000, 'tradao.jpg', 1),
('Trà táo bạc hà', 'Trà xanh, táo xanh, bạc hà mát.', 'Trà', 34000, 'traxanh.jpg', 0),
('Freeze dâu', 'Đá xay dâu, kem phô mai mặn.', 'Freeze & đá xay', 52000, 'cookie.jpg', 1),
('Freeze cacao', 'Cacao đậm, sữa tươi, topping chip sô-cô-la.', 'Freeze & đá xay', 50000, 'cfdaxay.jpg', 0),
('Soda chanh dây', 'Soda, chanh dây, lá húng nhẹ.', 'Soda & đồ uống lạnh', 32000, 'nuoccamep.jpg', 0),
('Tonic cold brew', 'Cold brew pha tonic, cam khô.', 'Soda & đồ uống lạnh', 45000, 'cfden.jpg', 0),
('Sinh tố bơ', 'Bơ sáp, sữa đặc vừa, đá.', 'Sinh tố & yogurt', 45000, 'sinhtoxoai.jpg', 1),
('Yogurt việt quất', 'Sữa chua uống, mứt việt quất.', 'Sinh tố & yogurt', 39000, 'traxanh.jpg', 0),
('Combo sáng A', 'Cà phê sữa + bánh flan.', 'Combo & ưu đãi', 48000, 'cfsua.jpg', 1),
('Combo học sinh', 'Trà đào size M + khoai tây nhỏ.', 'Combo & ưu đãi', 55000, 'tradao.jpg', 0),
('Bánh croissant bơ', 'Croissant layers bơ lạt, nướng giòn.', 'Ăn nhẹ', 28000, 'banhflan.jpg', 0),
('Sandwich trứng', 'Trứng ốp la, sốt mayo, rau xà lách.', 'Ăn nhẹ', 35000, 'khoaitaychien.jpg', 0);

INSERT INTO `orders` (`id`, `user_id`, `status`, `cancel_reason`, `created_at`, `total_price`) VALUES
(1, 11, 'Completed', NULL, '2024-11-15 09:36:43', 48000.00),
(2, 16, 'Completed', NULL, '2024-11-27 16:03:08', 45000.00),
(3, 15, 'Placed', NULL, '2024-11-15 19:49:22', 199000.00),
(4, 2, 'Completed', NULL, '2024-11-24 12:28:53', 78000.00),
(5, 15, 'Completed', NULL, '2024-11-27 14:28:05', 20000.00),
(6, 13, 'Completed', NULL, '2024-11-30 08:34:46', 139000.00),
(7, 17, 'Completed', NULL, '2024-11-25 19:16:20', 76000.00),
(8, 3, 'Completed', NULL, '2024-11-14 10:27:23', 186000.00),
(9, 12, 'Cancelled', 'Đổi ý', '2024-11-14 11:42:50', 303000.00),
(10, 3, 'Completed', NULL, '2024-11-15 08:49:51', 189000.00),
(11, 16, 'Placed', NULL, '2024-11-12 18:14:49', 132000.00),
(12, 13, 'Completed', NULL, '2024-11-26 11:26:38', 63000.00),
(13, 7, 'Placed', NULL, '2024-11-22 18:05:11', 176000.00),
(14, 20, 'Placed', NULL, '2024-11-18 10:24:14', 190000.00),
(15, 16, 'Completed', NULL, '2024-11-25 18:18:57', 110000.00),
(16, 12, 'Completed', NULL, '2024-11-16 12:10:19', 201000.00),
(17, 11, 'Completed', NULL, '2024-11-23 19:50:41', 138000.00),
(18, 17, 'Completed', NULL, '2024-11-18 10:14:44', 39000.00),
(19, 2, 'Placed', NULL, '2024-11-26 14:06:22', 100000.00),
(20, 14, 'Pending', NULL, '2024-11-25 13:09:48', 330000.00),
(21, 15, 'Completed', NULL, '2024-11-12 08:20:21', 323000.00),
(22, 19, 'Completed', NULL, '2024-11-25 08:26:00', 108000.00),
(23, 3, 'Completed', NULL, '2024-11-29 08:52:29', 133000.00),
(24, 5, 'Completed', NULL, '2024-11-22 13:57:05', 378000.00),
(25, 20, 'Completed', NULL, '2024-11-27 14:16:14', 132000.00),
(26, 14, 'Completed', NULL, '2024-11-27 10:38:37', 291000.00),
(27, 16, 'Completed', NULL, '2024-11-26 10:07:13', 228000.00),
(28, 11, 'Completed', NULL, '2024-11-26 21:47:17', 218000.00),
(29, 21, 'Completed', NULL, '2024-11-14 19:04:56', 361000.00),
(30, 14, 'Completed', NULL, '2024-11-10 10:17:54', 105000.00),
(31, 13, 'Placed', NULL, '2024-11-27 14:29:43', 90000.00),
(32, 11, 'Placed', NULL, '2024-11-24 13:57:09', 174000.00),
(33, 18, 'Pending', NULL, '2024-11-21 16:24:05', 283000.00),
(34, 13, 'Completed', NULL, '2024-11-20 08:09:38', 40000.00),
(35, 14, 'Cancelled', 'Giá chưa phù hợp', '2024-11-14 11:06:15', 105000.00),
(36, 8, 'Completed', NULL, '2024-11-16 21:50:47', 56000.00),
(37, 14, 'Placed', NULL, '2024-11-18 15:39:45', 180000.00),
(38, 11, 'Completed', NULL, '2024-11-19 15:51:28', 144000.00),
(39, 14, 'Placed', NULL, '2024-11-22 11:57:08', 275000.00),
(40, 12, 'Completed', NULL, '2024-11-22 19:33:39', 219000.00),
(41, 12, 'Completed', NULL, '2024-11-16 18:38:13', 250000.00),
(42, 15, 'Placed', NULL, '2024-11-28 12:08:15', 88000.00),
(43, 19, 'Completed', NULL, '2024-11-14 11:40:45', 105000.00),
(44, 20, 'Cancelled', 'Đổi ý', '2024-11-14 13:28:11', 166000.00),
(45, 3, 'Completed', NULL, '2024-11-14 14:43:48', 55000.00),
(46, 18, 'Cancelled', 'Giá chưa phù hợp', '2024-11-18 19:07:59', 92000.00),
(47, 12, 'Pending', NULL, '2024-11-27 21:55:17', 238000.00),
(48, 7, 'Placed', NULL, '2024-11-21 21:14:15', 88000.00),
(49, 11, 'Completed', NULL, '2024-11-25 16:09:28', 105000.00),
(50, 12, 'Completed', NULL, '2024-11-23 18:18:49', 126000.00),
(51, 14, 'Pending', NULL, '2024-11-13 10:51:14', 176000.00),
(52, 5, 'Completed', NULL, '2024-11-22 17:22:17', 268000.00),
(53, 6, 'Placed', NULL, '2024-11-20 14:55:27', 321000.00),
(54, 9, 'Cancelled', 'Không còn ở địa chỉ nhận', '2024-11-12 19:15:41', 180000.00),
(55, 14, 'Placed', NULL, '2024-11-18 17:09:01', 130000.00),
(56, 4, 'Completed', NULL, '2024-11-21 20:54:40', 204000.00),
(57, 4, 'Pending', NULL, '2024-11-21 20:00:47', 105000.00),
(58, 11, 'Completed', NULL, '2024-11-23 17:08:07', 212000.00),
(59, 5, 'Completed', NULL, '2024-11-26 11:19:39', 154000.00),
(60, 21, 'Completed', NULL, '2024-11-28 11:39:59', 105000.00),
(61, 2, 'Completed', NULL, '2024-11-24 13:22:52', 140000.00),
(62, 13, 'Placed', NULL, '2024-11-16 19:17:50', 102000.00),
(63, 21, 'Completed', NULL, '2024-11-15 17:26:10', 130000.00),
(64, 9, 'Placed', NULL, '2024-11-14 10:24:30', 105000.00),
(65, 13, 'Cancelled', 'Chọn nhầm size', '2024-11-13 16:04:13', 190000.00),
(66, 16, 'Completed', NULL, '2024-11-15 10:48:59', 144000.00),
(67, 14, 'Completed', NULL, '2024-11-24 14:04:28', 50000.00),
(68, 12, 'Cancelled', 'Giá chưa phù hợp', '2024-11-17 11:32:36', 45000.00),
(69, 9, 'Completed', NULL, '2024-11-27 16:13:37', 75000.00),
(70, 7, 'Completed', NULL, '2024-11-21 15:21:00', 70000.00),
(71, 8, 'Pending', NULL, '2024-11-13 11:10:00', 48000.00),
(72, 7, 'Completed', NULL, '2024-11-16 13:38:26', 35000.00),
(73, 13, 'Completed', NULL, '2024-11-12 19:26:32', 250000.00),
(74, 3, 'Completed', NULL, '2024-11-17 21:28:53', 132000.00),
(75, 18, 'Completed', NULL, '2024-11-21 16:49:39', 110000.00),
(76, 4, 'Placed', NULL, '2024-11-14 16:05:47', 174000.00),
(77, 8, 'Completed', NULL, '2024-11-10 10:46:01', 222000.00),
(78, 14, 'Completed', NULL, '2024-11-19 17:43:09', 135000.00),
(79, 17, 'Cancelled', 'Không còn ở địa chỉ nhận', '2024-11-15 11:18:41', 285000.00),
(80, 12, 'Completed', NULL, '2024-11-23 09:09:36', 170000.00),
(81, 21, 'Completed', NULL, '2024-11-11 14:18:21', 164000.00),
(82, 12, 'Placed', NULL, '2024-11-14 17:47:54', 312000.00),
(83, 6, 'Completed', NULL, '2024-11-21 10:23:04', 36000.00),
(84, 14, 'Placed', NULL, '2024-11-19 21:58:23', 206000.00);

INSERT INTO `order_items` (`order_id`, `product_id`, `quantity`, `price`, `size`, `sweetness`, `ice_level`, `item_note`, `confirmed_received`) VALUES
(1, 17, 1, 48000, 'L', 'vua', 'rieng', 'Ít đường', 1),
(2, 24, 1, 45000, 'XL', 'vua', 'it', NULL, 1),
(3, 9, 2, 40000, 'XL', 'nhieu', 'nhieu', NULL, 0),
(3, 2, 1, 35000, 'S', 'nhieu', 'it', NULL, 0),
(3, 15, 3, 28000, 'S', 'du', 'nhieu', 'Ít đường', 0),
(4, 26, 2, 39000, 'S', 'du', 'it', NULL, 1),
(5, 13, 1, 20000, 'L', 'vua', 'it', NULL, 1),
(6, 20, 1, 34000, 'S', 'vua', 'rieng', NULL, 1),
(6, 3, 3, 35000, 'L', 'nhieu', 'it', 'Ít đường', 1),
(7, 18, 2, 38000, 'XL', 'nhieu', 'rieng', NULL, 0),
(8, 4, 2, 45000, 'S', 'du', 'nhieu', 'Ít đường', 1),
(8, 18, 2, 38000, 'L', 'du', 'rieng', NULL, 1),
(8, 13, 1, 20000, 'XL', 'du', 'nhieu', 'Ít đường', 1),
(9, 27, 1, 48000, 'L', 'du', 'it', NULL, 0),
(9, 12, 3, 40000, 'L', 'nhieu', 'nhieu', NULL, 0),
(9, 25, 3, 45000, 'M', 'vua', 'nhieu', NULL, 0),
(10, 2, 3, 35000, 'L', 'nhieu', 'nhieu', 'Ít đường', 1),
(10, 29, 3, 28000, 'XL', 'vua', 'it', NULL, 0),
(11, 7, 1, 35000, 'L', 'vua', 'nhieu', NULL, 0),
(11, 21, 1, 52000, 'M', 'vua', 'it', NULL, 0),
(11, 8, 1, 45000, 'L', 'du', 'it', NULL, 0),
(12, 2, 1, 35000, 'L', 'nhieu', 'nhieu', NULL, 0),
(12, 15, 1, 28000, 'M', 'nhieu', 'rieng', NULL, 0),
(13, 14, 3, 30000, 'M', 'du', 'it', NULL, 0),
(13, 11, 1, 30000, 'M', 'du', 'it', 'Ít đường', 0),
(13, 29, 2, 28000, 'S', 'vua', 'nhieu', NULL, 0),
(14, 28, 1, 55000, 'S', 'du', 'it', NULL, 0),
(14, 4, 3, 45000, 'L', 'nhieu', 'rieng', NULL, 0),
(15, 28, 2, 55000, 'M', 'vua', 'it', NULL, 1),
(16, 8, 1, 45000, 'M', 'vua', 'rieng', NULL, 0),
(16, 21, 3, 52000, 'M', 'nhieu', 'rieng', NULL, 0),
(17, 19, 3, 36000, 'M', 'du', 'it', NULL, 0),
(17, 1, 1, 30000, 'S', 'nhieu', 'rieng', NULL, 1),
(18, 26, 1, 39000, 'S', 'vua', 'nhieu', NULL, 1),
(19, 28, 1, 55000, 'S', 'nhieu', 'it', NULL, 0),
(19, 8, 1, 45000, 'S', 'du', 'nhieu', NULL, 0),
(20, 2, 3, 35000, 'XL', 'nhieu', 'nhieu', NULL, 0),
(20, 24, 2, 45000, 'M', 'vua', 'it', NULL, 0),
(20, 8, 3, 45000, 'L', 'nhieu', 'nhieu', NULL, 0),
(21, 22, 3, 50000, 'S', 'du', 'nhieu', NULL, 1),
(21, 15, 2, 28000, 'L', 'nhieu', 'rieng', 'Ít đường', 0),
(21, 26, 3, 39000, 'S', 'vua', 'rieng', NULL, 1),
(22, 14, 2, 30000, 'S', 'vua', 'it', 'Ít đường', 0),
(22, 17, 1, 48000, 'S', 'du', 'nhieu', 'Ít đường', 1),
(23, 7, 3, 35000, 'L', 'du', 'it', NULL, 0),
(23, 15, 1, 28000, 'XL', 'nhieu', 'it', NULL, 1),
(24, 2, 3, 35000, 'M', 'nhieu', 'nhieu', NULL, 0),
(24, 19, 3, 36000, 'S', 'nhieu', 'rieng', NULL, 1),
(24, 28, 3, 55000, 'M', 'nhieu', 'rieng', NULL, 0),
(25, 16, 1, 42000, 'L', 'vua', 'nhieu', NULL, 1),
(25, 24, 2, 45000, 'M', 'vua', 'it', NULL, 1),
(26, 23, 3, 32000, 'S', 'vua', 'nhieu', NULL, 1),
(26, 28, 3, 55000, 'M', 'vua', 'nhieu', 'Ít đường', 0),
(26, 1, 1, 30000, 'S', 'nhieu', 'nhieu', NULL, 1),
(27, 1, 3, 30000, 'L', 'vua', 'nhieu', NULL, 0),
(27, 28, 2, 55000, 'S', 'nhieu', 'nhieu', NULL, 1),
(27, 15, 1, 28000, 'M', 'du', 'it', NULL, 1),
(28, 20, 2, 34000, 'L', 'nhieu', 'rieng', NULL, 1),
(28, 10, 3, 50000, 'M', 'du', 'nhieu', NULL, 1),
(29, 28, 3, 55000, 'XL', 'du', 'it', NULL, 1),
(29, 5, 1, 40000, 'M', 'vua', 'rieng', NULL, 1),
(29, 21, 3, 52000, 'XL', 'vua', 'it', NULL, 1),
(30, 4, 1, 45000, 'M', 'nhieu', 'it', NULL, 1),
(30, 14, 2, 30000, 'L', 'nhieu', 'nhieu', NULL, 1),
(31, 8, 2, 45000, 'M', 'vua', 'it', 'Ít đường', 0),
(32, 24, 2, 45000, 'L', 'nhieu', 'it', NULL, 0),
(32, 15, 3, 28000, 'M', 'vua', 'nhieu', 'Ít đường', 0),
(33, 11, 3, 30000, 'M', 'vua', 'rieng', NULL, 0),
(33, 18, 2, 38000, 'L', 'vua', 'nhieu', 'Ít đường', 0),
(33, 26, 3, 39000, 'S', 'du', 'nhieu', NULL, 0),
(34, 9, 1, 40000, 'L', 'du', 'nhieu', NULL, 1),
(35, 30, 3, 35000, 'L', 'nhieu', 'nhieu', NULL, 0),
(36, 29, 2, 28000, 'S', 'vua', 'nhieu', 'Ít đường', 1),
(37, 14, 2, 30000, 'XL', 'nhieu', 'rieng', NULL, 0),
(37, 12, 3, 40000, 'M', 'vua', 'rieng', NULL, 0),
(38, 27, 3, 48000, 'XL', 'du', 'nhieu', NULL, 1),
(39, 29, 3, 28000, 'L', 'vua', 'it', NULL, 0),
(39, 6, 1, 35000, 'L', 'vua', 'rieng', 'Ít đường', 0),
(39, 21, 3, 52000, 'L', 'du', 'nhieu', NULL, 0),
(40, 21, 2, 52000, 'L', 'du', 'it', NULL, 1),
(40, 25, 1, 45000, 'L', 'vua', 'it', 'Ít đường', 1),
(40, 6, 2, 35000, 'S', 'du', 'nhieu', NULL, 1),
(41, 8, 2, 45000, 'L', 'du', 'rieng', 'Ít đường', 1),
(41, 9, 2, 40000, 'S', 'du', 'it', NULL, 1),
(41, 12, 2, 40000, 'M', 'du', 'rieng', NULL, 1),
(42, 21, 1, 52000, 'XL', 'nhieu', 'rieng', NULL, 0),
(42, 19, 1, 36000, 'L', 'vua', 'nhieu', NULL, 0),
(43, 3, 3, 35000, 'L', 'vua', 'it', NULL, 1),
(44, 30, 2, 35000, 'S', 'vua', 'it', NULL, 0),
(44, 17, 2, 48000, 'XL', 'vua', 'rieng', NULL, 0),
(45, 28, 1, 55000, 'M', 'nhieu', 'nhieu', 'Ít đường', 1),
(46, 23, 1, 32000, 'XL', 'nhieu', 'rieng', NULL, 0),
(46, 11, 2, 30000, 'XL', 'du', 'it', NULL, 0),
(47, 18, 1, 38000, 'S', 'nhieu', 'nhieu', NULL, 0),
(47, 11, 3, 30000, 'M', 'vua', 'nhieu', NULL, 0),
(47, 28, 2, 55000, 'S', 'du', 'it', NULL, 0),
(48, 9, 1, 40000, 'XL', 'nhieu', 'nhieu', NULL, 0),
(48, 27, 1, 48000, 'M', 'vua', 'it', NULL, 0),
(49, 2, 3, 35000, 'XL', 'vua', 'nhieu', NULL, 1),
(50, 16, 3, 42000, 'L', 'du', 'nhieu', NULL, 0),
(51, 17, 2, 48000, 'S', 'du', 'it', NULL, 0),
(51, 5, 2, 40000, 'M', 'vua', 'nhieu', NULL, 0),
(52, 11, 3, 30000, 'L', 'du', 'rieng', NULL, 1),
(52, 15, 1, 28000, 'L', 'nhieu', 'rieng', NULL, 1),
(52, 22, 3, 50000, 'S', 'vua', 'it', NULL, 0),
(53, 11, 2, 30000, 'M', 'nhieu', 'it', NULL, 0),
(53, 16, 3, 42000, 'M', 'nhieu', 'it', NULL, 0),
(53, 24, 3, 45000, 'L', 'nhieu', 'rieng', NULL, 0),
(54, 19, 2, 36000, 'XL', 'du', 'rieng', NULL, 0),
(54, 19, 3, 36000, 'XL', 'du', 'nhieu', NULL, 0),
(55, 12, 1, 40000, 'M', 'vua', 'it', 'Ít đường', 0),
(55, 25, 2, 45000, 'XL', 'nhieu', 'it', NULL, 0),
(56, 5, 3, 40000, 'M', 'du', 'it', NULL, 1),
(56, 29, 3, 28000, 'XL', 'du', 'nhieu', NULL, 1),
(57, 6, 3, 35000, 'M', 'nhieu', 'it', NULL, 0),
(58, 27, 2, 48000, 'S', 'du', 'it', NULL, 1),
(58, 18, 2, 38000, 'S', 'vua', 'it', NULL, 0),
(58, 9, 1, 40000, 'L', 'vua', 'nhieu', NULL, 0),
(59, 10, 1, 50000, 'L', 'nhieu', 'rieng', 'Ít đường', 0),
(59, 29, 3, 28000, 'S', 'du', 'it', NULL, 1),
(59, 13, 1, 20000, 'L', 'du', 'nhieu', 'Ít đường', 0),
(60, 2, 3, 35000, 'XL', 'vua', 'rieng', NULL, 0),
(61, 30, 3, 35000, 'S', 'du', 'rieng', NULL, 1),
(61, 6, 1, 35000, 'L', 'vua', 'it', 'Ít đường', 1),
(62, 30, 1, 35000, 'L', 'vua', 'rieng', 'Ít đường', 0),
(62, 26, 1, 39000, 'M', 'nhieu', 'rieng', 'Ít đường', 0),
(62, 15, 1, 28000, 'L', 'du', 'nhieu', NULL, 0),
(63, 1, 2, 30000, 'L', 'vua', 'nhieu', NULL, 0),
(63, 6, 2, 35000, 'M', 'du', 'rieng', NULL, 1),
(64, 6, 3, 35000, 'S', 'nhieu', 'nhieu', NULL, 0),
(65, 14, 2, 30000, 'M', 'du', 'nhieu', NULL, 0),
(65, 1, 2, 30000, 'L', 'vua', 'rieng', NULL, 0),
(65, 7, 2, 35000, 'S', 'du', 'nhieu', NULL, 0),
(66, 17, 3, 48000, 'S', 'nhieu', 'it', NULL, 1),
(67, 22, 1, 50000, 'L', 'nhieu', 'nhieu', 'Ít đường', 0),
(68, 24, 1, 45000, 'S', 'du', 'it', NULL, 0),
(69, 30, 1, 35000, 'L', 'nhieu', 'it', NULL, 1),
(69, 12, 1, 40000, 'XL', 'du', 'it', NULL, 1),
(70, 7, 2, 35000, 'XL', 'du', 'it', NULL, 1),
(71, 27, 1, 48000, 'M', 'vua', 'rieng', NULL, 0),
(72, 3, 1, 35000, 'XL', 'du', 'it', NULL, 0),
(73, 2, 2, 35000, 'M', 'vua', 'it', NULL, 1),
(73, 14, 1, 30000, 'L', 'du', 'it', 'Ít đường', 1),
(73, 10, 3, 50000, 'XL', 'nhieu', 'it', NULL, 0),
(74, 29, 1, 28000, 'S', 'nhieu', 'nhieu', 'Ít đường', 1),
(74, 21, 2, 52000, 'M', 'vua', 'nhieu', NULL, 1),
(75, 30, 2, 35000, 'L', 'du', 'rieng', NULL, 1),
(75, 9, 1, 40000, 'S', 'vua', 'it', NULL, 0),
(76, 1, 1, 30000, 'L', 'vua', 'nhieu', NULL, 0),
(76, 17, 3, 48000, 'M', 'vua', 'it', NULL, 0),
(77, 16, 3, 42000, 'M', 'nhieu', 'rieng', NULL, 0),
(77, 23, 3, 32000, 'XL', 'du', 'rieng', NULL, 1),
(78, 4, 3, 45000, 'M', 'nhieu', 'it', NULL, 0),
(79, 28, 2, 55000, 'XL', 'du', 'rieng', NULL, 0),
(79, 6, 2, 35000, 'S', 'nhieu', 'rieng', NULL, 0),
(79, 7, 3, 35000, 'XL', 'du', 'it', NULL, 0),
(80, 18, 1, 38000, 'L', 'nhieu', 'it', NULL, 1),
(80, 1, 2, 30000, 'M', 'nhieu', 'nhieu', 'Ít đường', 1),
(80, 19, 2, 36000, 'XL', 'vua', 'nhieu', NULL, 1),
(81, 7, 2, 35000, 'XL', 'nhieu', 'it', 'Ít đường', 1),
(81, 28, 1, 55000, 'XL', 'nhieu', 'nhieu', NULL, 0),
(81, 26, 1, 39000, 'S', 'vua', 'nhieu', NULL, 1),
(82, 8, 3, 45000, 'S', 'vua', 'nhieu', NULL, 0),
(82, 8, 3, 45000, 'S', 'nhieu', 'rieng', NULL, 0),
(82, 16, 1, 42000, 'M', 'vua', 'it', NULL, 0),
(83, 19, 1, 36000, 'M', 'nhieu', 'nhieu', NULL, 0),
(84, 27, 2, 48000, 'S', 'vua', 'nhieu', NULL, 0),
(84, 10, 1, 50000, 'S', 'nhieu', 'nhieu', NULL, 0),
(84, 11, 2, 30000, 'XL', 'nhieu', 'rieng', 'Ít đường', 0);

ALTER TABLE `orders` AUTO_INCREMENT = 85;
ALTER TABLE `order_items` AUTO_INCREMENT = 170;

INSERT INTO `comments` (`username`, `phone`, `email`, `comment`, `created_at`) VALUES
('minh_anh', '0909111222', NULL, 'Giao diện đặt hàng dễ hiểu, mong thêm món cold brew chai.', '2024-11-11 09:00:00'),
('thu_ha', NULL, 'thuha@mail.demo', 'Trà vải thơm, ship đúng giờ buổi chiều.', '2024-11-12 10:07:00'),
('duc_manh', '0933444555', NULL, 'Combo sáng tiện cho sinh viên luôn.', '2024-11-13 11:14:00'),
('phuong_linh', NULL, 'linh.p@gmail.demo', 'Freeze dâu hơi ngọt nhưng vẫn thích.', '2024-11-14 12:21:00'),
('hoang_long', '0977889900', NULL, 'Cà phê đậm đúng gu, sẽ đặt lại.', '2024-11-15 13:28:00'),
('lan_chi', NULL, NULL, 'Website chạy mượt trên điện thoại.', '2024-11-16 14:35:00'),
('tuan_kiet', '0912233444', NULL, 'Tonic cold brew lạ miệng, recommend.', '2024-11-17 15:42:00'),
('ngoc_bich', NULL, 'bich.ngoc@demo.vn', 'Nhân viên xác nhận đơn nhanh (demo đồ án).', '2024-11-18 16:49:00'),
('Khách lẻ', NULL, NULL, 'Giá cả minh bạch, thích phần mô tả món.', '2024-11-19 17:56:00'),
('kim_loan', '0988776655', NULL, 'Sandwich trứng ăn kèm latte rất hợp.', '2024-11-20 18:03:00');

INSERT INTO `product_reviews` (`product_id`, `user_id`, `order_item_id`, `display_name`, `phone`, `email`, `content`, `stars`, `created_at`) VALUES
(17, 11, 1, 'phuong_linh', NULL, NULL, 'Rất hài lòng, đúng mô tả món.', 5, '2024-11-12 10:30:00'),
(24, 16, 2, 'diep_anh', NULL, NULL, 'Giao nhanh, nhiệt độ đồ uống ổn.', 5, '2024-11-13 11:30:00'),
(26, 2, 6, 'minh_anh', NULL, NULL, 'Hơi ngọt so với gu nhưng chất lượng tốt.', 4, '2024-11-14 12:30:00'),
(13, 15, 7, 'hoang_long', NULL, NULL, 'Sẽ đặt lại lần sau.', 5, '2024-11-15 13:30:00'),
(20, 13, 8, 'bich_tram', NULL, NULL, 'Packaging gọn, không bị đổ.', 5, '2024-11-16 14:30:00'),
(3, 13, 9, 'bich_tram', NULL, NULL, 'Đá xay mịn, topping đủ.', 4, '2024-11-17 15:30:00'),
(4, 3, 11, 'thanh_tung', NULL, NULL, 'Cà phê đậm vừa ý.', 5, '2024-11-18 16:30:00'),
(18, 3, 12, 'thanh_tung', NULL, NULL, 'Trà thơm, ít đá như ghi chú.', 5, '2024-11-19 17:30:00'),
(13, 3, 13, 'thanh_tung', NULL, NULL, 'Rất hài lòng, đúng mô tả món.', 5, '2024-11-20 10:30:00'),
(2, 3, 17, 'thanh_tung', NULL, NULL, 'Giao nhanh, nhiệt độ đồ uống ổn.', 5, '2024-11-21 11:30:00'),
(28, 16, 29, 'diep_anh', NULL, NULL, 'Hơi ngọt so với gu nhưng chất lượng tốt.', 4, '2024-11-22 12:30:00'),
(1, 11, 33, 'phuong_linh', NULL, NULL, 'Sẽ đặt lại lần sau.', 5, '2024-11-23 13:30:00');

-- Xong: ~20 khách, 30 SP, ~84 đơn trong 10–30/11/2024
